"Rating","Name","Domisili","Usia","Gender","Tanggal Transaksi","Harga Service","Tipe Jasa","ID","Month (name)","Month (number)","Kelompok_Umur"
5,"Wevishar","Jakarta",41,"Wanita","2021-01-04",130000,"Jasa D",1,"Januari",1,"40-49 tahun"
5,"Eniola","Jawa Barat",23,"Wanita","2021-01-04",82000,"Jasa D",2,"Januari",1,"18-29 tahun"
5,"Chi","Bali",32,"Pria","2021-01-04",79000,"Jasa D",3,"Januari",1,"30-39 tahun"
2,"Moes","Jakarta",37,"Pria","2021-01-04",70000,"Jasa B",4,"Januari",1,"30-39 tahun"
4,"Mudiwa","Bali",31,"Wanita","2021-01-06",70000,"Jasa A",5,"Januari",1,"30-39 tahun"
1,"Glite","Luar Indonesia",30,"Wanita","2021-01-06",121000,"Jasa C",6,"Januari",1,"30-39 tahun"
4,"Idoob","Bali",41,"Wanita","2021-01-06",120000,"Jasa D",7,"Januari",1,"40-49 tahun"
2,"Ganizani","Luar Indonesia",33,"Wanita","2021-01-06",70000,"Jasa B",8,"Januari",1,"30-39 tahun"
3,"Cuphulien","Jawa Barat",42,"Wanita","2021-01-07",120000,"Jasa A",9,"Januari",1,"40-49 tahun"
4,"Ezii","Jakarta",23,"Wanita","2021-01-07",130000,"Jasa E",10,"Januari",1,"18-29 tahun"
5,"Mygneo","Luar Indonesia",34,"Pria","2021-01-07",148000,"Jasa E",11,"Januari",1,"30-39 tahun"
4,"Adegoke","Luar Indonesia",41,"Pria","2021-01-07",130000,"Jasa D",12,"Januari",1,"40-49 tahun"
5,"Mygneo","Luar Indonesia",34,"Pria","2021-01-08",130000,"Jasa D",13,"Januari",1,"30-39 tahun"
4,"Meefgaib","Jawa Barat",16,"Wanita","2021-01-08",128000,"Jasa A",14,"Januari",1,"Dibawah 18 tahun"
3,"Ousmane","Luar Indonesia",20,"Pria","2021-01-11",138000,"Jasa D",15,"Januari",1,"18-29 tahun"
3,"Thauzhash","Bali",45,"Wanita","2021-01-11",138000,"Jasa D",16,"Januari",1,"40-49 tahun"
3,"Bluaxia","Jawa Barat",11,"Wanita","2021-01-11",126000,"Jasa D",17,"Januari",1,"Dibawah 18 tahun"
2,"Moes","Jakarta",37,"Pria","2021-01-11",110000,"Jasa B",18,"Januari",1,"30-39 tahun"
2,"Shashou","Jakarta",44,"Wanita","2021-01-11",110000,"Jasa D",19,"Januari",1,"40-49 tahun"
5,"Ekyboo","Jawa Barat",17,"Wanita","2021-01-11",70000,"Jasa D",20,"Januari",1,"Dibawah 18 tahun"
5,"Chi","Bali",32,"Pria","2021-01-11",110000,"Jasa D",21,"Januari",1,"30-39 tahun"
3,"Tichaona","Luar Indonesia",29,"Pria","2021-01-11",130000,"Jasa B",22,"Januari",1,"18-29 tahun"
3,"Dejen","Jakarta",36,"Pria","2021-01-11",70000,"Jasa A",23,"Januari",1,"30-39 tahun"
3,"Safluvis","Jakarta",27,"Pria","2021-01-11",70000,"Jasa B",24,"Januari",1,"18-29 tahun"
5,"Doux","Luar Indonesia",18,"Wanita","2021-01-11",148000,"Jasa D",25,"Januari",1,"18-29 tahun"
2,"Chuo","Bali",17,"Wanita","2021-01-12",132000,"Jasa D",26,"Januari",1,"Dibawah 18 tahun"
2,"Kamau","Bali",27,"Wanita","2021-01-12",130000,"Jasa B",27,"Januari",1,"18-29 tahun"
2,"Ganizani","Luar Indonesia",33,"Wanita","2021-01-12",150000,"Jasa E",28,"Januari",1,"30-39 tahun"
2,"Shashou","Jakarta",44,"Wanita","2021-01-13",70000,"Jasa C",29,"Januari",1,"40-49 tahun"
4,"Jeingzou","Jakarta",19,"Wanita","2021-01-13",9000,"Jasa D",30,"Januari",1,"18-29 tahun"
4,"Axzab","Jakarta",24,"Wanita","2021-01-13",21000,"Jasa E",31,"Januari",1,"18-29 tahun"
2,"Ganizani","Luar Indonesia",33,"Wanita","2021-01-14",150000,"Jasa B",32,"Januari",1,"30-39 tahun"
5,"Bzayan","Jawa Barat",18,"Wanita","2021-01-14",79000,"Jasa B",33,"Januari",1,"18-29 tahun"
4,"Adegoke","Luar Indonesia",41,"Pria","2021-01-14",60000,"Jasa C",34,"Januari",1,"40-49 tahun"
1,"Glite","Luar Indonesia",30,"Wanita","2021-01-15",45000,"Jasa D",35,"Januari",1,"30-39 tahun"
2,"Kamau","Bali",27,"Wanita","2021-01-15",131000,"Jasa C",36,"Januari",1,"18-29 tahun"
2,"Shashou","Jakarta",44,"Wanita","2021-01-15",60000,"Jasa B",37,"Januari",1,"40-49 tahun"
2,"Kunju","Bali",14,"Wanita","2021-01-15",147000,"Jasa B",38,"Januari",1,"Dibawah 18 tahun"
3,"Tichaona","Luar Indonesia",29,"Pria","2021-01-15",60000,"Jasa B",39,"Januari",1,"18-29 tahun"
4,"Axzab","Jakarta",24,"Wanita","2021-01-15",134000,"Jasa A",40,"Januari",1,"18-29 tahun"
4,"Ufuoma","Bali",48,"Pria","2021-01-17",70000,"Jasa D",41,"Januari",1,"40-49 tahun"
3,"Gar","Bali",39,"Wanita","2021-01-18",139000,"Jasa C",42,"Januari",1,"30-39 tahun"
2,"Chinweuba","Bali",24,"Wanita","2021-01-19",130000,"Jasa E",43,"Januari",1,"18-29 tahun"
3,"Wiati","Jakarta",47,"Wanita","2021-01-19",130000,"Jasa A",44,"Januari",1,"40-49 tahun"
5,"Wevishar","Jakarta",41,"Wanita","2021-01-20",142000,"Jasa D",45,"Januari",1,"40-49 tahun"
2,"Moes","Jakarta",37,"Pria","2021-01-20",120000,"Jasa E",46,"Januari",1,"30-39 tahun"
3,"Thauzhash","Bali",45,"Wanita","2021-01-20",130000,"Jasa C",47,"Januari",1,"40-49 tahun"
4,"Meefgaib","Jawa Barat",16,"Wanita","2021-01-20",70000,"Jasa E",48,"Januari",1,"Dibawah 18 tahun"
5,"Chi","Bali",32,"Pria","2021-01-20",78000,"Jasa D",49,"Januari",1,"30-39 tahun"
3,"Olabode","Jawa Barat",37,"Pria","2021-01-20",147000,"Jasa B",50,"Januari",1,"30-39 tahun"
3,"Thauzhash","Bali",45,"Wanita","2021-01-20",130000,"Jasa C",51,"Januari",1,"40-49 tahun"
2,"Moes","Jakarta",37,"Pria","2021-01-20",60000,"Jasa C",52,"Januari",1,"30-39 tahun"
5,"Bzayan","Jawa Barat",18,"Wanita","2021-01-21",131000,"Jasa B",53,"Januari",1,"18-29 tahun"
3,"Bluaxia","Jawa Barat",11,"Wanita","2021-01-21",130000,"Jasa A",54,"Januari",1,"Dibawah 18 tahun"
2,"Chinweuba","Bali",24,"Wanita","2021-01-21",70000,"Jasa B",55,"Januari",1,"18-29 tahun"
4,"Thokozani","Luar Indonesia",36,"Pria","2021-01-21",70000,"Jasa C",56,"Januari",1,"30-39 tahun"
4,"Meefgaib","Jawa Barat",16,"Wanita","2021-01-21",120000,"Jasa C",57,"Januari",1,"Dibawah 18 tahun"
3,"Usah","Luar Indonesia",33,"Wanita","2021-01-21",130000,"Jasa E",58,"Januari",1,"30-39 tahun"
3,"Evii","Jawa Barat",19,"Pria","2021-01-21",139000,"Jasa C",59,"Januari",1,"18-29 tahun"
4,"Jeingzou","Jakarta",19,"Wanita","2021-01-21",120000,"Jasa D",60,"Januari",1,"18-29 tahun"
4,"Nah","Jakarta",23,"Wanita","2021-01-21",150000,"Jasa E",61,"Januari",1,"18-29 tahun"
3,"Wiati","Jakarta",47,"Wanita","2021-01-22",78000,"Jasa A",62,"Januari",1,"40-49 tahun"
4,"Mudiwa","Bali",31,"Wanita","2021-01-22",150000,"Jasa D",63,"Januari",1,"30-39 tahun"
3,"Gnuci","Jawa Barat",22,"Wanita","2021-01-22",150000,"Jasa A",64,"Januari",1,"18-29 tahun"
5,"Eniola","Jawa Barat",23,"Wanita","2021-01-22",150000,"Jasa B",65,"Januari",1,"18-29 tahun"
5,"Taurai","Jakarta",35,"Wanita","2021-01-22",131000,"Jasa B",66,"Januari",1,"30-39 tahun"
3,"Cuphulien","Jawa Barat",42,"Wanita","2021-01-22",103000,"Jasa E",67,"Januari",1,"40-49 tahun"
5,"Chi","Bali",32,"Pria","2021-01-22",110000,"Jasa E",68,"Januari",1,"30-39 tahun"
4,"Ixoim","Jawa Barat",38,"Wanita","2021-01-25",70000,"Jasa C",69,"Januari",1,"30-39 tahun"
5,"Saazteec","Luar Indonesia",28,"Wanita","2021-01-25",70000,"Jasa E",70,"Januari",1,"18-29 tahun"
4,"Axzab","Jakarta",24,"Wanita","2021-01-25",60000,"Jasa A",71,"Januari",1,"18-29 tahun"
1,"Glite","Luar Indonesia",30,"Wanita","2021-01-25",130000,"Jasa A",72,"Januari",1,"30-39 tahun"
2,"Kunju","Bali",14,"Wanita","2021-01-25",139000,"Jasa A",73,"Januari",1,"Dibawah 18 tahun"
4,"Adegoke","Luar Indonesia",41,"Pria","2021-01-25",130000,"Jasa D",74,"Januari",1,"40-49 tahun"
2,"Moes","Jakarta",37,"Pria","2021-01-25",88000,"Jasa E",75,"Januari",1,"30-39 tahun"
3,"Qayug","Luar Indonesia",24,"Wanita","2021-01-26",131000,"Jasa C",76,"Januari",1,"18-29 tahun"
3,"Cuphulien","Jawa Barat",42,"Wanita","2021-01-26",150000,"Jasa D",77,"Januari",1,"40-49 tahun"
5,"Khimma","Jakarta",36,"Wanita","2021-01-26",147000,"Jasa C",78,"Januari",1,"30-39 tahun"
5,"Wevishar","Jakarta",41,"Wanita","2021-01-26",71000,"Jasa C",79,"Januari",1,"40-49 tahun"
4,"Ixoim","Jawa Barat",38,"Wanita","2021-01-26",70000,"Jasa C",80,"Januari",1,"30-39 tahun"
4,"Jeingzou","Jakarta",19,"Wanita","2021-01-27",70000,"Jasa B",81,"Januari",1,"18-29 tahun"
3,"Abdoul","Bali",12,"Pria","2021-01-27",120000,"Jasa A",82,"Januari",1,"Dibawah 18 tahun"
1,"Glite","Luar Indonesia",30,"Wanita","2021-01-27",60000,"Jasa E",83,"Januari",1,"30-39 tahun"
5,"Chi","Bali",32,"Pria","2021-01-27",130000,"Jasa C",84,"Januari",1,"30-39 tahun"
4,"Axzab","Jakarta",24,"Wanita","2021-01-27",122400,"Jasa C",85,"Januari",1,"18-29 tahun"
3,"Safluvis","Jakarta",27,"Pria","2021-01-27",150000,"Jasa A",86,"Januari",1,"18-29 tahun"
3,"Hoosnestrond","Jakarta",11,"Wanita","2021-01-27",61200,"Jasa C",87,"Januari",1,"Dibawah 18 tahun"
3,"Ousmane","Luar Indonesia",20,"Pria","2021-01-27",143000,"Jasa E",88,"Januari",1,"18-29 tahun"
2,"Chuo","Bali",17,"Wanita","2021-01-28",11000,"Jasa B",89,"Januari",1,"Dibawah 18 tahun"
3,"Kayin","Jawa Barat",31,"Wanita","2021-01-28",120000,"Jasa B",90,"Januari",1,"30-39 tahun"
3,"Bluaxia","Jawa Barat",11,"Wanita","2021-01-28",130000,"Jasa D",91,"Januari",1,"Dibawah 18 tahun"
2,"Kunju","Bali",14,"Wanita","2021-01-28",120000,"Jasa E",92,"Januari",1,"Dibawah 18 tahun"
5,"Oozu","Jawa Barat",17,"Wanita","2021-01-28",130000,"Jasa D",93,"Januari",1,"Dibawah 18 tahun"
5,"Oozu","Jawa Barat",17,"Wanita","2021-01-28",82000,"Jasa D",94,"Januari",1,"Dibawah 18 tahun"
4,"Mudiwa","Bali",31,"Wanita","2021-01-28",122400,"Jasa D",95,"Januari",1,"30-39 tahun"
4,"Axzab","Jakarta",24,"Wanita","2021-01-29",128000,"Jasa C",96,"Januari",1,"18-29 tahun"
3,"Gar","Bali",39,"Wanita","2021-01-29",130000,"Jasa A",97,"Januari",1,"30-39 tahun"
4,"Axzab","Jakarta",24,"Wanita","2021-01-29",150000,"Jasa D",98,"Januari",1,"18-29 tahun"
4,"Dubaku","Bali",28,"Pria","2021-02-01",130000,"Jasa B",99,"Februari",2,"18-29 tahun"
2,"Chuo","Bali",17,"Wanita","2021-02-01",135000,"Jasa B",100,"Februari",2,"Dibawah 18 tahun"
3,"Olabode","Jawa Barat",37,"Pria","2021-02-01",110000,"Jasa D",101,"Februari",2,"30-39 tahun"
3,"Safluvis","Jakarta",27,"Pria","2021-02-01",130000,"Jasa A",102,"Februari",2,"18-29 tahun"
2,"Kamau","Bali",27,"Wanita","2021-02-01",147000,"Jasa D",103,"Februari",2,"18-29 tahun"
5,"Saazteec","Luar Indonesia",28,"Wanita","2021-02-01",150000,"Jasa A",104,"Februari",2,"18-29 tahun"
4,"Ade","Jawa Barat",42,"Wanita","2021-02-01",148000,"Jasa D",105,"Februari",2,"40-49 tahun"
4,"Jeingzou","Jakarta",19,"Wanita","2021-02-01",71000,"Jasa A",106,"Februari",2,"18-29 tahun"
3,"Abdoul","Bali",12,"Pria","2021-02-02",139000,"Jasa B",107,"Februari",2,"Dibawah 18 tahun"
4,"Tepmuvapp","Jawa Barat",27,"Wanita","2021-02-02",131000,"Jasa C",108,"Februari",2,"18-29 tahun"
4,"Ezii","Jakarta",23,"Wanita","2021-02-02",138000,"Jasa C",109,"Februari",2,"18-29 tahun"
4,"Jeingzou","Jakarta",19,"Wanita","2021-02-02",60000,"Jasa E",110,"Februari",2,"18-29 tahun"
3,"Qayug","Luar Indonesia",24,"Wanita","2021-02-02",131000,"Jasa E",111,"Februari",2,"18-29 tahun"
3,"Tichaona","Luar Indonesia",29,"Pria","2021-02-02",60000,"Jasa A",112,"Februari",2,"18-29 tahun"
5,"Eniola","Jawa Barat",23,"Wanita","2021-02-02",137000,"Jasa B",113,"Februari",2,"18-29 tahun"
3,"Usah","Luar Indonesia",33,"Wanita","2021-02-02",70000,"Jasa A",114,"Februari",2,"30-39 tahun"
5,"Eniola","Jawa Barat",23,"Wanita","2021-02-02",100000,"Jasa E",115,"Februari",2,"18-29 tahun"
3,"Dejen","Jakarta",36,"Pria","2021-02-02",130000,"Jasa A",116,"Februari",2,"30-39 tahun"
3,"Noshom","Jawa Barat",27,"Wanita","2021-02-02",138000,"Jasa C",117,"Februari",2,"18-29 tahun"
5,"Yinoh","Bali",39,"Wanita","2021-02-02",144000,"Jasa E",118,"Februari",2,"30-39 tahun"
3,"Noshom","Jawa Barat",27,"Wanita","2021-02-02",87000,"Jasa D",119,"Februari",2,"18-29 tahun"
2,"Chuo","Bali",17,"Wanita","2021-02-02",138000,"Jasa C",120,"Februari",2,"Dibawah 18 tahun"
3,"Usah","Luar Indonesia",33,"Wanita","2021-02-02",150000,"Jasa E",121,"Februari",2,"30-39 tahun"
3,"Gar","Bali",39,"Wanita","2021-02-03",138000,"Jasa B",122,"Februari",2,"30-39 tahun"
3,"Gar","Bali",39,"Wanita","2021-02-03",70000,"Jasa D",123,"Februari",2,"30-39 tahun"
5,"Eniola","Jawa Barat",23,"Wanita","2021-02-03",70000,"Jasa D",124,"Februari",2,"18-29 tahun"
5,"Chi","Bali",32,"Pria","2021-02-03",79000,"Jasa D",125,"Februari",2,"30-39 tahun"
4,"Nah","Jakarta",23,"Wanita","2021-02-03",91000,"Jasa D",126,"Februari",2,"18-29 tahun"
3,"Boubacar","Bali",31,"Wanita","2021-02-03",150000,"Jasa D",127,"Februari",2,"30-39 tahun"
3,"Wiati","Jakarta",47,"Wanita","2021-02-03",148000,"Jasa E",128,"Februari",2,"40-49 tahun"
3,"Noshom","Jawa Barat",27,"Wanita","2021-02-02",71000,"Jasa A",129,"Februari",2,"18-29 tahun"
4,"Meefgaib","Jawa Barat",16,"Wanita","2021-02-04",70000,"Jasa C",130,"Februari",2,"Dibawah 18 tahun"
3,"Boubacar","Bali",31,"Wanita","2021-02-04",138000,"Jasa D",131,"Februari",2,"30-39 tahun"
4,"Dubaku","Bali",28,"Pria","2021-02-04",71000,"Jasa A",132,"Februari",2,"18-29 tahun"
3,"Boubacar","Bali",31,"Wanita","2021-02-04",120000,"Jasa D",133,"Februari",2,"30-39 tahun"
2,"Kamau","Bali",27,"Wanita","2021-02-04",70000,"Jasa A",134,"Februari",2,"18-29 tahun"
3,"Bluaxia","Jawa Barat",11,"Wanita","2021-02-04",138000,"Jasa B",135,"Februari",2,"Dibawah 18 tahun"
4,"Nah","Jakarta",23,"Wanita","2021-02-04",60000,"Jasa D",136,"Februari",2,"18-29 tahun"
2,"Moes","Jakarta",37,"Pria","2021-02-05",120000,"Jasa E",137,"Februari",2,"30-39 tahun"
3,"Noshom","Jawa Barat",27,"Wanita","2021-02-05",135000,"Jasa A",138,"Februari",2,"18-29 tahun"
4,"Mudiwa","Bali",31,"Wanita","2021-02-05",70000,"Jasa B",139,"Februari",2,"30-39 tahun"
5,"Yinoh","Bali",39,"Wanita","2021-02-05",60000,"Jasa A",140,"Februari",2,"30-39 tahun"
4,"Thokozani","Luar Indonesia",36,"Pria","2021-02-05",70000,"Jasa B",141,"Februari",2,"30-39 tahun"
3,"Dejen","Jakarta",36,"Pria","2021-02-05",60000,"Jasa D",142,"Februari",2,"30-39 tahun"
4,"Axzab","Jakarta",24,"Wanita","2021-02-05",71000,"Jasa B",143,"Februari",2,"18-29 tahun"
3,"Noshom","Jawa Barat",27,"Wanita","2021-02-05",120000,"Jasa D",144,"Februari",2,"18-29 tahun"
4,"Axzab","Jakarta",24,"Wanita","2021-02-05",150000,"Jasa D",145,"Februari",2,"18-29 tahun"
5,"Wevishar","Jakarta",41,"Wanita","2021-02-05",70000,"Jasa D",146,"Februari",2,"40-49 tahun"
3,"Hoosnestrond","Jakarta",11,"Wanita","2021-02-06",130000,"Jasa D",147,"Februari",2,"Dibawah 18 tahun"
5,"Wevishar","Jakarta",41,"Wanita","2021-02-08",60000,"Jasa D",148,"Februari",2,"40-49 tahun"
5,"Saazteec","Luar Indonesia",28,"Wanita","2021-02-08",60000,"Jasa D",149,"Februari",2,"18-29 tahun"
4,"Thokozani","Luar Indonesia",36,"Pria","2021-02-08",130000,"Jasa E",150,"Februari",2,"30-39 tahun"
3,"Tichaona","Luar Indonesia",29,"Pria","2021-02-08",121000,"Jasa B",151,"Februari",2,"18-29 tahun"
3,"Safluvis","Jakarta",27,"Pria","2021-02-08",100000,"Jasa C",152,"Februari",2,"18-29 tahun"
4,"Mudiwa","Bali",31,"Wanita","2021-02-08",50000,"Jasa D",153,"Februari",2,"30-39 tahun"
5,"Yinoh","Bali",39,"Wanita","2021-02-09",70000,"Jasa B",154,"Februari",2,"30-39 tahun"
3,"Ousmane","Luar Indonesia",20,"Pria","2021-02-09",130000,"Jasa C",155,"Februari",2,"18-29 tahun"
4,"Jeingzou","Jakarta",19,"Wanita","2021-02-09",70000,"Jasa C",156,"Februari",2,"18-29 tahun"
4,"Ezii","Jakarta",23,"Wanita","2021-02-09",78000,"Jasa D",157,"Februari",2,"18-29 tahun"
2,"Ganizani","Luar Indonesia",33,"Wanita","2021-02-09",71000,"Jasa C",158,"Februari",2,"30-39 tahun"
4,"Idoob","Bali",41,"Wanita","2021-02-09",15000,"Jasa E",159,"Februari",2,"40-49 tahun"
2,"Kunju","Bali",14,"Wanita","2021-02-09",70000,"Jasa E",160,"Februari",2,"Dibawah 18 tahun"
3,"Qayug","Luar Indonesia",24,"Wanita","2021-02-09",95000,"Jasa B",161,"Februari",2,"18-29 tahun"
5,"Bzayan","Jawa Barat",18,"Wanita","2021-02-09",138000,"Jasa B",162,"Februari",2,"18-29 tahun"
3,"Tichaona","Luar Indonesia",29,"Pria","2021-02-09",103000,"Jasa A",163,"Februari",2,"18-29 tahun"
2,"Ganizani","Luar Indonesia",33,"Wanita","2021-02-10",71000,"Jasa B",164,"Februari",2,"30-39 tahun"
3,"Cuphulien","Jawa Barat",42,"Wanita","2021-02-10",110000,"Jasa A",165,"Februari",2,"40-49 tahun"
3,"Kayin","Jawa Barat",31,"Wanita","2021-02-10",88000,"Jasa C",166,"Februari",2,"30-39 tahun"
3,"Kayin","Jawa Barat",31,"Wanita","2021-02-10",70000,"Jasa D",167,"Februari",2,"30-39 tahun"
5,"Oozu","Jawa Barat",17,"Wanita","2021-02-10",144000,"Jasa E",168,"Februari",2,"Dibawah 18 tahun"
4,"Ufuoma","Bali",48,"Pria","2021-02-10",148000,"Jasa B",169,"Februari",2,"40-49 tahun"
5,"Ekyboo","Jawa Barat",17,"Wanita","2021-02-10",60000,"Jasa B",170,"Februari",2,"Dibawah 18 tahun"
3,"Gar","Bali",39,"Wanita","2021-02-10",142000,"Jasa B",171,"Februari",2,"30-39 tahun"
3,"Bluaxia","Jawa Barat",11,"Wanita","2021-02-10",122400,"Jasa C",172,"Februari",2,"Dibawah 18 tahun"
5,"Saazteec","Luar Indonesia",28,"Wanita","2021-02-10",70000,"Jasa E",173,"Februari",2,"18-29 tahun"
4,"Ixoim","Jawa Barat",38,"Wanita","2021-02-10",60000,"Jasa D",174,"Februari",2,"30-39 tahun"
2,"Kamau","Bali",27,"Wanita","2021-02-10",70000,"Jasa C",175,"Februari",2,"18-29 tahun"
5,"Saazteec","Luar Indonesia",28,"Wanita","2021-02-10",70000,"Jasa A",176,"Februari",2,"18-29 tahun"
5,"Ekyboo","Jawa Barat",17,"Wanita","2021-02-10",138000,"Jasa D",177,"Februari",2,"Dibawah 18 tahun"
5,"Khimma","Jakarta",36,"Wanita","2021-02-10",140000,"Jasa B",178,"Februari",2,"30-39 tahun"
2,"Shashou","Jakarta",44,"Wanita","2021-02-10",130000,"Jasa C",179,"Februari",2,"40-49 tahun"
3,"Qayug","Luar Indonesia",24,"Wanita","2021-02-11",70000,"Jasa E",180,"Februari",2,"18-29 tahun"
4,"Jeingzou","Jakarta",19,"Wanita","2021-02-11",87000,"Jasa E",181,"Februari",2,"18-29 tahun"
2,"Ganizani","Luar Indonesia",33,"Wanita","2021-02-11",120000,"Jasa B",182,"Februari",2,"30-39 tahun"
2,"Kamau","Bali",27,"Wanita","2021-02-11",139000,"Jasa A",183,"Februari",2,"18-29 tahun"
5,"Chi","Bali",32,"Pria","2021-02-11",70000,"Jasa C",184,"Februari",2,"30-39 tahun"
4,"Dubaku","Bali",28,"Pria","2021-02-11",130000,"Jasa E",185,"Februari",2,"18-29 tahun"
2,"Moes","Jakarta",37,"Pria","2021-02-12",60000,"Jasa B",186,"Februari",2,"30-39 tahun"
3,"Ousmane","Luar Indonesia",20,"Pria","2021-02-12",60000,"Jasa C",187,"Februari",2,"18-29 tahun"
4,"Tepmuvapp","Jawa Barat",27,"Wanita","2021-02-12",147000,"Jasa C",188,"Februari",2,"18-29 tahun"
4,"Ade","Jawa Barat",42,"Wanita","2021-02-10",130000,"Jasa C",189,"Februari",2,"40-49 tahun"
4,"Meefgaib","Jawa Barat",16,"Wanita","2021-02-15",60000,"Jasa D",190,"Februari",2,"Dibawah 18 tahun"
5,"Bzayan","Jawa Barat",18,"Wanita","2021-02-15",130000,"Jasa A",191,"Februari",2,"18-29 tahun"
2,"Kunju","Bali",14,"Wanita","2021-02-15",130000,"Jasa E",192,"Februari",2,"Dibawah 18 tahun"
2,"Chinweuba","Bali",24,"Wanita","2021-02-15",131000,"Jasa C",193,"Februari",2,"18-29 tahun"
3,"Gnuci","Jawa Barat",22,"Wanita","2021-02-15",70000,"Jasa B",194,"Februari",2,"18-29 tahun"
3,"Tichaona","Luar Indonesia",29,"Pria","2021-02-15",70000,"Jasa E",195,"Februari",2,"18-29 tahun"
3,"Evii","Jawa Barat",19,"Pria","2021-02-15",130000,"Jasa D",196,"Februari",2,"18-29 tahun"
4,"Idoob","Bali",41,"Wanita","2021-02-15",70000,"Jasa E",197,"Februari",2,"40-49 tahun"
4,"Okafor","Jakarta",16,"Pria","2021-02-15",139000,"Jasa D",198,"Februari",2,"Dibawah 18 tahun"
2,"Shashou","Jakarta",44,"Wanita","2021-02-15",130000,"Jasa A",199,"Februari",2,"40-49 tahun"
4,"Mudiwa","Bali",31,"Wanita","2021-02-15",129000,"Jasa E",200,"Februari",2,"30-39 tahun"
3,"Safluvis","Jakarta",27,"Pria","2021-02-16",144000,"Jasa D",201,"Februari",2,"18-29 tahun"
5,"Mygneo","Luar Indonesia",34,"Pria","2021-02-16",124000,"Jasa E",202,"Februari",2,"30-39 tahun"
4,"Ezii","Jakarta",23,"Wanita","2021-02-16",79000,"Jasa B",203,"Februari",2,"18-29 tahun"
3,"Bluaxia","Jawa Barat",11,"Wanita","2021-02-16",138000,"Jasa A",204,"Februari",2,"Dibawah 18 tahun"
2,"Kunju","Bali",14,"Wanita","2021-02-16",70000,"Jasa E",205,"Februari",2,"Dibawah 18 tahun"
3,"Boubacar","Bali",31,"Wanita","2021-02-16",132000,"Jasa B",206,"Februari",2,"30-39 tahun"
4,"Idoob","Bali",41,"Wanita","2021-02-17",120000,"Jasa A",207,"Februari",2,"40-49 tahun"
3,"Olabode","Jawa Barat",37,"Pria","2021-02-17",10000,"Jasa C",208,"Februari",2,"30-39 tahun"
3,"Bluaxia","Jawa Barat",11,"Wanita","2021-02-17",110000,"Jasa E",209,"Februari",2,"Dibawah 18 tahun"
3,"Bluaxia","Jawa Barat",11,"Wanita","2021-02-17",130000,"Jasa B",210,"Februari",2,"Dibawah 18 tahun"
5,"Taurai","Jakarta",35,"Wanita","2021-02-17",70000,"Jasa A",211,"Februari",2,"30-39 tahun"
3,"Gar","Bali",39,"Wanita","2021-02-17",130000,"Jasa C",212,"Februari",2,"30-39 tahun"
4,"Dubaku","Bali",28,"Pria","2021-02-17",131000,"Jasa A",213,"Februari",2,"18-29 tahun"
4,"Jeingzou","Jakarta",19,"Wanita","2021-02-18",130000,"Jasa D",214,"Februari",2,"18-29 tahun"
3,"Noshom","Jawa Barat",27,"Wanita","2021-02-18",82000,"Jasa C",215,"Februari",2,"18-29 tahun"
4,"Adegoke","Luar Indonesia",41,"Pria","2021-02-18",120000,"Jasa B",216,"Februari",2,"40-49 tahun"
2,"Kunju","Bali",14,"Wanita","2021-02-18",138000,"Jasa D",217,"Februari",2,"Dibawah 18 tahun"
3,"Dejen","Jakarta",36,"Pria","2021-02-18",70000,"Jasa B",218,"Februari",2,"30-39 tahun"
4,"Ade","Jawa Barat",42,"Wanita","2021-02-18",71000,"Jasa E",219,"Februari",2,"40-49 tahun"
4,"Ezii","Jakarta",23,"Wanita","2021-02-18",130000,"Jasa A",220,"Februari",2,"18-29 tahun"
3,"Usah","Luar Indonesia",33,"Wanita","2021-02-18",103000,"Jasa D",221,"Februari",2,"30-39 tahun"
2,"Ganizani","Luar Indonesia",33,"Wanita","2021-02-19",83000,"Jasa D",222,"Februari",2,"30-39 tahun"
4,"Thokozani","Luar Indonesia",36,"Pria","2021-02-19",120000,"Jasa E",223,"Februari",2,"30-39 tahun"
3,"Kayin","Jawa Barat",31,"Wanita","2021-02-19",60000,"Jasa B",224,"Februari",2,"30-39 tahun"
4,"Ade","Jawa Barat",42,"Wanita","2021-02-19",124000,"Jasa C",225,"Februari",2,"40-49 tahun"
3,"Gaggada","Jawa Barat",32,"Wanita","2021-02-19",50000,"Jasa A",226,"Februari",2,"30-39 tahun"
4,"Nah","Jakarta",23,"Wanita","2021-02-19",110000,"Jasa D",227,"Februari",2,"18-29 tahun"
5,"Taurai","Jakarta",35,"Wanita","2021-02-19",130000,"Jasa E",228,"Februari",2,"30-39 tahun"
5,"Khimma","Jakarta",36,"Wanita","2021-02-19",120000,"Jasa E",229,"Februari",2,"30-39 tahun"
2,"Ganizani","Luar Indonesia",33,"Wanita","2021-02-22",79000,"Jasa E",230,"Februari",2,"30-39 tahun"
2,"Chinweuba","Bali",24,"Wanita","2021-02-22",130000,"Jasa A",231,"Februari",2,"18-29 tahun"
5,"Oozu","Jawa Barat",17,"Wanita","2021-02-22",101000,"Jasa E",232,"Februari",2,"Dibawah 18 tahun"
5,"Mygneo","Luar Indonesia",34,"Pria","2021-02-22",79000,"Jasa D",233,"Februari",2,"30-39 tahun"
5,"Yinoh","Bali",39,"Wanita","2021-02-22",120000,"Jasa B",234,"Februari",2,"30-39 tahun"
3,"Ousmane","Luar Indonesia",20,"Pria","2021-02-22",130000,"Jasa E",235,"Februari",2,"18-29 tahun"
3,"Tichaona","Luar Indonesia",29,"Pria","2021-02-22",120000,"Jasa C",236,"Februari",2,"18-29 tahun"
5,"Khimma","Jakarta",36,"Wanita","2021-02-22",70000,"Jasa B",237,"Februari",2,"30-39 tahun"
5,"Taurai","Jakarta",35,"Wanita","2021-02-22",70000,"Jasa D",238,"Februari",2,"30-39 tahun"
3,"Evii","Jawa Barat",19,"Pria","2021-02-22",70000,"Jasa B",239,"Februari",2,"18-29 tahun"
4,"Thokozani","Luar Indonesia",36,"Pria","2021-02-22",70000,"Jasa E",240,"Februari",2,"30-39 tahun"
3,"Wiati","Jakarta",47,"Wanita","2021-02-22",70000,"Jasa C",241,"Februari",2,"40-49 tahun"
4,"Axzab","Jakarta",24,"Wanita","2021-02-23",130000,"Jasa C",242,"Februari",2,"18-29 tahun"
2,"Kunju","Bali",14,"Wanita","2021-02-23",10000,"Jasa E",243,"Februari",2,"Dibawah 18 tahun"
4,"Adegoke","Luar Indonesia",41,"Pria","2021-02-23",142000,"Jasa D",244,"Februari",2,"40-49 tahun"
5,"Ekyboo","Jawa Barat",17,"Wanita","2021-02-23",22000,"Jasa C",245,"Februari",2,"Dibawah 18 tahun"
4,"Ixoim","Jawa Barat",38,"Wanita","2021-02-23",120000,"Jasa E",246,"Februari",2,"30-39 tahun"
3,"Tichaona","Luar Indonesia",29,"Pria","2021-02-23",139000,"Jasa E",247,"Februari",2,"18-29 tahun"
4,"Meefgaib","Jawa Barat",16,"Wanita","2021-02-23",130000,"Jasa E",248,"Februari",2,"Dibawah 18 tahun"
4,"Tepmuvapp","Jawa Barat",27,"Wanita","2021-02-23",130000,"Jasa A",249,"Februari",2,"18-29 tahun"
4,"Tepmuvapp","Jawa Barat",27,"Wanita","2021-02-23",70000,"Jasa E",250,"Februari",2,"18-29 tahun"
5,"Saazteec","Luar Indonesia",28,"Wanita","2021-02-23",70000,"Jasa D",251,"Februari",2,"18-29 tahun"
4,"Nah","Jakarta",23,"Wanita","2021-02-23",71000,"Jasa E",252,"Februari",2,"18-29 tahun"
4,"Meefgaib","Jawa Barat",16,"Wanita","2021-02-24",130000,"Jasa D",253,"Februari",2,"Dibawah 18 tahun"
3,"Gaggada","Jawa Barat",32,"Wanita","2021-02-24",78000,"Jasa C",254,"Februari",2,"30-39 tahun"
2,"Shashou","Jakarta",44,"Wanita","2021-02-24",65000,"Jasa D",255,"Februari",2,"40-49 tahun"
5,"Taurai","Jakarta",35,"Wanita","2021-02-24",70000,"Jasa D",256,"Februari",2,"30-39 tahun"
5,"Chi","Bali",32,"Pria","2021-02-24",120000,"Jasa E",257,"Februari",2,"30-39 tahun"
5,"Chi","Bali",32,"Pria","2021-02-24",110000,"Jasa E",258,"Februari",2,"30-39 tahun"
5,"Yinoh","Bali",39,"Wanita","2021-02-24",28000,"Jasa B",259,"Februari",2,"30-39 tahun"
5,"Chi","Bali",32,"Pria","2021-02-25",64000,"Jasa A",260,"Februari",2,"30-39 tahun"
5,"Oozu","Jawa Barat",17,"Wanita","2021-02-25",60000,"Jasa A",261,"Februari",2,"Dibawah 18 tahun"
3,"Gnuci","Jawa Barat",22,"Wanita","2021-02-25",60000,"Jasa B",262,"Februari",2,"18-29 tahun"
5,"Eniola","Jawa Barat",23,"Wanita","2021-02-25",70000,"Jasa E",263,"Februari",2,"18-29 tahun"
5,"Oozu","Jawa Barat",17,"Wanita","2021-02-25",11000,"Jasa C",264,"Februari",2,"Dibawah 18 tahun"
3,"Boubacar","Bali",31,"Wanita","2021-02-25",120000,"Jasa D",265,"Februari",2,"30-39 tahun"
2,"Chinweuba","Bali",24,"Wanita","2021-02-25",138000,"Jasa C",266,"Februari",2,"18-29 tahun"
4,"Nah","Jakarta",23,"Wanita","2021-02-25",147000,"Jasa B",267,"Februari",2,"18-29 tahun"
4,"Ufuoma","Bali",48,"Pria","2021-02-25",130000,"Jasa A",268,"Februari",2,"40-49 tahun"
3,"Qayug","Luar Indonesia",24,"Wanita","2021-02-25",70000,"Jasa A",269,"Februari",2,"18-29 tahun"
5,"Wevishar","Jakarta",41,"Wanita","2021-02-25",70000,"Jasa A",270,"Februari",2,"40-49 tahun"
3,"Gnuci","Jawa Barat",22,"Wanita","2021-02-25",131000,"Jasa A",271,"Februari",2,"18-29 tahun"
5,"Doux","Luar Indonesia",18,"Wanita","2021-02-25",130000,"Jasa C",272,"Februari",2,"18-29 tahun"
5,"Wevishar","Jakarta",41,"Wanita","2021-02-26",61200,"Jasa D",273,"Februari",2,"40-49 tahun"
4,"Thokozani","Luar Indonesia",36,"Pria","2021-02-26",110000,"Jasa A",274,"Februari",2,"30-39 tahun"
5,"Oozu","Jawa Barat",17,"Wanita","2021-02-26",28000,"Jasa C",275,"Februari",2,"Dibawah 18 tahun"
1,"Glite","Luar Indonesia",30,"Wanita","2021-02-26",61000,"Jasa C",276,"Februari",2,"30-39 tahun"
4,"Meefgaib","Jawa Barat",16,"Wanita","2021-02-26",60000,"Jasa D",277,"Februari",2,"Dibawah 18 tahun"
4,"Thokozani","Luar Indonesia",36,"Pria","2021-02-26",120000,"Jasa A",278,"Februari",2,"30-39 tahun"
4,"Adegoke","Luar Indonesia",41,"Pria","2021-02-26",70000,"Jasa D",279,"Februari",2,"40-49 tahun"
3,"Abdoul","Bali",12,"Pria","2021-02-26",70000,"Jasa C",280,"Februari",2,"Dibawah 18 tahun"
3,"Gaggada","Jawa Barat",32,"Wanita","2021-02-27",139000,"Jasa B",281,"Februari",2,"30-39 tahun"
3,"Thauzhash","Bali",45,"Wanita","2021-03-01",150000,"Jasa E",282,"Maret",3,"40-49 tahun"
4,"Thokozani","Luar Indonesia",36,"Pria","2021-03-01",70000,"Jasa A",283,"Maret",3,"30-39 tahun"
4,"Ezii","Jakarta",23,"Wanita","2021-03-01",136000,"Jasa D",284,"Maret",3,"18-29 tahun"
4,"Tepmuvapp","Jawa Barat",27,"Wanita","2021-03-01",70000,"Jasa C",285,"Maret",3,"18-29 tahun"
3,"Boubacar","Bali",31,"Wanita","2021-03-01",139000,"Jasa A",286,"Maret",3,"30-39 tahun"
5,"Doux","Luar Indonesia",18,"Wanita","2021-03-01",147000,"Jasa D",287,"Maret",3,"18-29 tahun"
5,"Wevishar","Jakarta",41,"Wanita","2021-03-01",70000,"Jasa B",288,"Maret",3,"40-49 tahun"
5,"Saazteec","Luar Indonesia",28,"Wanita","2021-03-01",130000,"Jasa E",289,"Maret",3,"18-29 tahun"
4,"Meefgaib","Jawa Barat",16,"Wanita","2021-03-01",51000,"Jasa E",290,"Maret",3,"Dibawah 18 tahun"
5,"Ekyboo","Jawa Barat",17,"Wanita","2021-03-01",130000,"Jasa D",291,"Maret",3,"Dibawah 18 tahun"
4,"Jeingzou","Jakarta",19,"Wanita","2021-03-01",88000,"Jasa A",292,"Maret",3,"18-29 tahun"
3,"Bluaxia","Jawa Barat",11,"Wanita","2021-03-01",130000,"Jasa D",293,"Maret",3,"Dibawah 18 tahun"
4,"Adegoke","Luar Indonesia",41,"Pria","2021-03-01",110000,"Jasa A",294,"Maret",3,"40-49 tahun"
3,"Noshom","Jawa Barat",27,"Wanita","2021-03-02",70000,"Jasa B",295,"Maret",3,"18-29 tahun"
2,"Shashou","Jakarta",44,"Wanita","2021-03-02",142000,"Jasa E",296,"Maret",3,"40-49 tahun"
3,"Noshom","Jawa Barat",27,"Wanita","2021-03-02",139000,"Jasa B",297,"Maret",3,"18-29 tahun"
5,"Doux","Luar Indonesia",18,"Wanita","2021-03-02",93000,"Jasa B",298,"Maret",3,"18-29 tahun"
4,"Idoob","Bali",41,"Wanita","2021-03-02",70000,"Jasa E",299,"Maret",3,"40-49 tahun"
5,"Oozu","Jawa Barat",17,"Wanita","2021-03-02",60000,"Jasa B",300,"Maret",3,"Dibawah 18 tahun"
4,"Dubaku","Bali",28,"Pria","2021-03-02",120000,"Jasa D",301,"Maret",3,"18-29 tahun"
2,"Chuo","Bali",17,"Wanita","2021-03-02",57000,"Jasa C",302,"Maret",3,"Dibawah 18 tahun"
4,"Mudiwa","Bali",31,"Wanita","2021-03-02",70000,"Jasa D",303,"Maret",3,"30-39 tahun"
2,"Moes","Jakarta",37,"Pria","2021-03-02",131000,"Jasa D",304,"Maret",3,"30-39 tahun"
4,"Axzab","Jakarta",24,"Wanita","2021-03-02",70000,"Jasa D",305,"Maret",3,"18-29 tahun"
4,"Nah","Jakarta",23,"Wanita","2021-03-02",88000,"Jasa D",306,"Maret",3,"18-29 tahun"
2,"Chinweuba","Bali",24,"Wanita","2021-03-02",130000,"Jasa B",307,"Maret",3,"18-29 tahun"
2,"Kunju","Bali",14,"Wanita","2021-03-02",16000,"Jasa E",308,"Maret",3,"Dibawah 18 tahun"
5,"Bzayan","Jawa Barat",18,"Wanita","2021-03-02",61200,"Jasa B",309,"Maret",3,"18-29 tahun"
4,"Adegoke","Luar Indonesia",41,"Pria","2021-03-03",70000,"Jasa B",310,"Maret",3,"40-49 tahun"
5,"Ekyboo","Jawa Barat",17,"Wanita","2021-03-03",130000,"Jasa A",311,"Maret",3,"Dibawah 18 tahun"
4,"Ezii","Jakarta",23,"Wanita","2021-03-03",130000,"Jasa C",312,"Maret",3,"18-29 tahun"
3,"Abdoul","Bali",12,"Pria","2021-03-03",144000,"Jasa C",313,"Maret",3,"Dibawah 18 tahun"
4,"Tepmuvapp","Jawa Barat",27,"Wanita","2021-03-03",40000,"Jasa A",314,"Maret",3,"18-29 tahun"
4,"Ufuoma","Bali",48,"Pria","2021-03-03",124000,"Jasa E",315,"Maret",3,"40-49 tahun"
4,"Axzab","Jakarta",24,"Wanita","2021-03-03",130000,"Jasa D",316,"Maret",3,"18-29 tahun"
5,"Eniola","Jawa Barat",23,"Wanita","2021-03-03",131000,"Jasa C",317,"Maret",3,"18-29 tahun"
3,"Gaggada","Jawa Barat",32,"Wanita","2021-03-04",130000,"Jasa A",318,"Maret",3,"30-39 tahun"
3,"Safluvis","Jakarta",27,"Pria","2021-03-04",18000,"Jasa B",319,"Maret",3,"18-29 tahun"
3,"Hoosnestrond","Jakarta",11,"Wanita","2021-03-04",130000,"Jasa D",320,"Maret",3,"Dibawah 18 tahun"
4,"Tepmuvapp","Jawa Barat",27,"Wanita","2021-03-04",130000,"Jasa E",321,"Maret",3,"18-29 tahun"
4,"Tepmuvapp","Jawa Barat",27,"Wanita","2021-03-04",70000,"Jasa B",322,"Maret",3,"18-29 tahun"
3,"Thauzhash","Bali",45,"Wanita","2021-03-04",120000,"Jasa E",323,"Maret",3,"40-49 tahun"
3,"Abdoul","Bali",12,"Pria","2021-03-04",130000,"Jasa E",324,"Maret",3,"Dibawah 18 tahun"
3,"Bluaxia","Jawa Barat",11,"Wanita","2021-03-04",122000,"Jasa A",325,"Maret",3,"Dibawah 18 tahun"
3,"Gar","Bali",39,"Wanita","2021-03-04",71000,"Jasa B",326,"Maret",3,"30-39 tahun"
3,"Olabode","Jawa Barat",37,"Pria","2021-03-04",131000,"Jasa B",327,"Maret",3,"30-39 tahun"
5,"Saazteec","Luar Indonesia",28,"Wanita","2021-03-03",60000,"Jasa A",328,"Maret",3,"18-29 tahun"
3,"Boubacar","Bali",31,"Wanita","2021-03-05",78000,"Jasa C",329,"Maret",3,"30-39 tahun"
4,"Nah","Jakarta",23,"Wanita","2021-03-05",32000,"Jasa A",330,"Maret",3,"18-29 tahun"
5,"Eniola","Jawa Barat",23,"Wanita","2021-03-05",71000,"Jasa A",331,"Maret",3,"18-29 tahun"
5,"Taurai","Jakarta",35,"Wanita","2021-03-05",60000,"Jasa C",332,"Maret",3,"30-39 tahun"
3,"Dejen","Jakarta",36,"Pria","2021-03-05",91000,"Jasa C",333,"Maret",3,"30-39 tahun"
2,"Chinweuba","Bali",24,"Wanita","2021-03-05",20000,"Jasa B",334,"Maret",3,"18-29 tahun"
3,"Gaggada","Jawa Barat",32,"Wanita","2021-03-05",125000,"Jasa A",335,"Maret",3,"30-39 tahun"
3,"Dejen","Jakarta",36,"Pria","2021-03-05",88000,"Jasa C",336,"Maret",3,"30-39 tahun"
3,"Usah","Luar Indonesia",33,"Wanita","2021-03-05",35000,"Jasa B",337,"Maret",3,"30-39 tahun"
3,"Boubacar","Bali",31,"Wanita","2021-03-06",60000,"Jasa E",338,"Maret",3,"30-39 tahun"
2,"Shashou","Jakarta",44,"Wanita","2021-03-06",19000,"Jasa C",339,"Maret",3,"40-49 tahun"
5,"Yinoh","Bali",39,"Wanita","2021-03-08",120000,"Jasa E",340,"Maret",3,"30-39 tahun"
4,"Meefgaib","Jawa Barat",16,"Wanita","2021-03-09",41000,"Jasa E",341,"Maret",3,"Dibawah 18 tahun"
4,"Meefgaib","Jawa Barat",16,"Wanita","2021-03-09",90000,"Jasa C",342,"Maret",3,"Dibawah 18 tahun"
5,"Bzayan","Jawa Barat",18,"Wanita","2021-03-09",74000,"Jasa A",343,"Maret",3,"18-29 tahun"
2,"Kamau","Bali",27,"Wanita","2021-03-09",70000,"Jasa D",344,"Maret",3,"18-29 tahun"
4,"Ufuoma","Bali",48,"Pria","2021-03-09",25000,"Jasa C",345,"Maret",3,"40-49 tahun"
4,"Okafor","Jakarta",16,"Pria","2021-03-09",120000,"Jasa B",346,"Maret",3,"Dibawah 18 tahun"
2,"Moes","Jakarta",37,"Pria","2021-03-09",95000,"Jasa A",347,"Maret",3,"30-39 tahun"
2,"Chuo","Bali",17,"Wanita","2021-03-09",26700,"Jasa E",348,"Maret",3,"Dibawah 18 tahun"
4,"Ufuoma","Bali",48,"Pria","2021-03-10",70000,"Jasa A",349,"Maret",3,"40-49 tahun"
4,"Jeingzou","Jakarta",19,"Wanita","2021-03-10",66000,"Jasa E",350,"Maret",3,"18-29 tahun"
3,"Abdoul","Bali",12,"Pria","2021-03-10",25000,"Jasa C",351,"Maret",3,"Dibawah 18 tahun"
3,"Ousmane","Luar Indonesia",20,"Pria","2021-03-10",150000,"Jasa B",352,"Maret",3,"18-29 tahun"
3,"Thauzhash","Bali",45,"Wanita","2021-03-10",150000,"Jasa D",353,"Maret",3,"40-49 tahun"
3,"Qayug","Luar Indonesia",24,"Wanita","2021-03-12",25000,"Jasa E",354,"Maret",3,"18-29 tahun"
5,"Chi","Bali",32,"Pria","2021-03-12",130000,"Jasa D",355,"Maret",3,"30-39 tahun"
5,"Saazteec","Luar Indonesia",28,"Wanita","2021-03-12",25000,"Jasa E",356,"Maret",3,"18-29 tahun"
3,"Kayin","Jawa Barat",31,"Wanita","2021-03-13",103000,"Jasa C",357,"Maret",3,"30-39 tahun"
4,"Okafor","Jakarta",16,"Pria","2021-03-13",150000,"Jasa E",358,"Maret",3,"Dibawah 18 tahun"
3,"Tichaona","Luar Indonesia",29,"Pria","2021-03-15",150000,"Jasa E",359,"Maret",3,"18-29 tahun"
3,"Safluvis","Jakarta",27,"Pria","2021-03-15",145000,"Jasa B",360,"Maret",3,"18-29 tahun"
4,"Nah","Jakarta",23,"Wanita","2021-03-15",145000,"Jasa B",361,"Maret",3,"18-29 tahun"
4,"Ixoim","Jawa Barat",38,"Wanita","2021-03-16",95000,"Jasa D",362,"Maret",3,"30-39 tahun"
4,"Mudiwa","Bali",31,"Wanita","2021-03-16",26805,"Jasa B",363,"Maret",3,"30-39 tahun"
2,"Kamau","Bali",27,"Wanita","2021-03-17",142000,"Jasa B",364,"Maret",3,"18-29 tahun"
5,"Saazteec","Luar Indonesia",28,"Wanita","2021-03-17",41000,"Jasa A",365,"Maret",3,"18-29 tahun"
4,"Jeingzou","Jakarta",19,"Wanita","2021-03-17",70000,"Jasa B",366,"Maret",3,"18-29 tahun"
3,"Kayin","Jawa Barat",31,"Wanita","2021-03-17",70000,"Jasa E",367,"Maret",3,"30-39 tahun"
3,"Olabode","Jawa Barat",37,"Pria","2021-03-17",71000,"Jasa C",368,"Maret",3,"30-39 tahun"
5,"Yinoh","Bali",39,"Wanita","2021-03-17",70000,"Jasa B",369,"Maret",3,"30-39 tahun"
4,"Axzab","Jakarta",24,"Wanita","2021-03-18",88000,"Jasa A",370,"Maret",3,"18-29 tahun"
2,"Chuo","Bali",17,"Wanita","2021-03-19",65000,"Jasa C",371,"Maret",3,"Dibawah 18 tahun"
2,"Shashou","Jakarta",44,"Wanita","2021-03-19",130000,"Jasa C",372,"Maret",3,"40-49 tahun"
4,"Meefgaib","Jawa Barat",16,"Wanita","2021-03-22",150000,"Jasa C",373,"Maret",3,"Dibawah 18 tahun"
4,"Jeingzou","Jakarta",19,"Wanita","2021-03-23",85000,"Jasa A",374,"Maret",3,"18-29 tahun"
4,"Meefgaib","Jawa Barat",16,"Wanita","2021-03-23",93000,"Jasa C",375,"Maret",3,"Dibawah 18 tahun"
4,"Mudiwa","Bali",31,"Wanita","2021-03-23",75000,"Jasa C",376,"Maret",3,"30-39 tahun"
2,"Chuo","Bali",17,"Wanita","2021-03-24",61000,"Jasa B",377,"Maret",3,"Dibawah 18 tahun"
5,"Doux","Luar Indonesia",18,"Wanita","2021-03-24",40000,"Jasa C",378,"Maret",3,"18-29 tahun"
4,"Axzab","Jakarta",24,"Wanita","2021-03-24",8000,"Jasa C",379,"Maret",3,"18-29 tahun"
5,"Eniola","Jawa Barat",23,"Wanita","2021-03-24",125000,"Jasa A",380,"Maret",3,"18-29 tahun"
3,"Noshom","Jawa Barat",27,"Wanita","2021-03-25",23332,"Jasa C",381,"Maret",3,"18-29 tahun"
5,"Taurai","Jakarta",35,"Wanita","2021-03-26",20469,"Jasa C",382,"Maret",3,"30-39 tahun"
4,"Adegoke","Luar Indonesia",41,"Pria","2021-03-26",85000,"Jasa C",383,"Maret",3,"40-49 tahun"
3,"Hoosnestrond","Jakarta",11,"Wanita","2021-03-26",4001,"Jasa E",384,"Maret",3,"Dibawah 18 tahun"
2,"Chuo","Bali",17,"Wanita","2021-03-29",90000,"Jasa A",385,"Maret",3,"Dibawah 18 tahun"
4,"Ezii","Jakarta",23,"Wanita","2021-03-29",97000,"Jasa B",386,"Maret",3,"18-29 tahun"
4,"Jeingzou","Jakarta",19,"Wanita","2021-03-29",110000,"Jasa A",387,"Maret",3,"18-29 tahun"
5,"Bzayan","Jawa Barat",18,"Wanita","2021-03-29",143000,"Jasa B",388,"Maret",3,"18-29 tahun"
4,"Okafor","Jakarta",16,"Pria","2021-03-29",85000,"Jasa B",389,"Maret",3,"Dibawah 18 tahun"
3,"Hoosnestrond","Jakarta",11,"Wanita","2021-03-30",86000,"Jasa A",390,"Maret",3,"Dibawah 18 tahun"
4,"Idoob","Bali",41,"Wanita","2021-04-01",93000,"Jasa C",391,"April",4,"40-49 tahun"
1,"Glite","Luar Indonesia",30,"Wanita","2021-04-01",85000,"Jasa A",392,"April",4,"30-39 tahun"
3,"Gaggada","Jawa Barat",32,"Wanita","2021-04-01",85000,"Jasa C",393,"April",4,"30-39 tahun"
4,"Ufuoma","Bali",48,"Pria","2021-04-01",85000,"Jasa A",394,"April",4,"40-49 tahun"
2,"Chinweuba","Bali",24,"Wanita","2021-04-01",135000,"Jasa E",395,"April",4,"18-29 tahun"
3,"Gaggada","Jawa Barat",32,"Wanita","2021-04-01",50000,"Jasa C",396,"April",4,"30-39 tahun"
5,"Eniola","Jawa Barat",23,"Wanita","2021-04-01",125000,"Jasa A",397,"April",4,"18-29 tahun"
4,"Adegoke","Luar Indonesia",41,"Pria","2021-04-04",150000,"Jasa A",398,"April",4,"40-49 tahun"
3,"Gar","Bali",39,"Wanita","2021-04-05",120000,"Jasa C",399,"April",4,"30-39 tahun"
3,"Kayin","Jawa Barat",31,"Wanita","2021-04-05",85000,"Jasa C",400,"April",4,"30-39 tahun"
5,"Wevishar","Jakarta",41,"Wanita","2021-04-06",112000,"Jasa D",401,"April",4,"40-49 tahun"
5,"Mygneo","Luar Indonesia",34,"Pria","2021-04-06",85000,"Jasa A",402,"April",4,"30-39 tahun"
4,"Okafor","Jakarta",16,"Pria","2021-04-06",100000,"Jasa A",403,"April",4,"Dibawah 18 tahun"
3,"Evii","Jawa Barat",19,"Pria","2021-04-06",94000,"Jasa D",404,"April",4,"18-29 tahun"
3,"Wiati","Jakarta",47,"Wanita","2021-04-06",75000,"Jasa A",405,"April",4,"40-49 tahun"
3,"Thauzhash","Bali",45,"Wanita","2021-04-06",150000,"Jasa B",406,"April",4,"40-49 tahun"
4,"Adegoke","Luar Indonesia",41,"Pria","2021-04-07",85000,"Jasa A",407,"April",4,"40-49 tahun"
4,"Axzab","Jakarta",24,"Wanita","2021-04-07",85000,"Jasa E",408,"April",4,"18-29 tahun"
3,"Evii","Jawa Barat",19,"Pria","2021-04-07",50000,"Jasa A",409,"April",4,"18-29 tahun"
3,"Dejen","Jakarta",36,"Pria","2021-04-08",135000,"Jasa B",410,"April",4,"30-39 tahun"
3,"Olabode","Jawa Barat",37,"Pria","2021-04-08",102000,"Jasa B",411,"April",4,"30-39 tahun"
1,"Glite","Luar Indonesia",30,"Wanita","2021-04-08",85000,"Jasa E",412,"April",4,"30-39 tahun"
4,"Ade","Jawa Barat",42,"Wanita","2021-04-09",69900,"Jasa A",413,"April",4,"40-49 tahun"
2,"Moes","Jakarta",37,"Pria","2021-04-09",17770,"Jasa A",414,"April",4,"30-39 tahun"
2,"Kamau","Bali",27,"Wanita","2021-04-09",85000,"Jasa E",415,"April",4,"18-29 tahun"
4,"Nah","Jakarta",23,"Wanita","2021-04-09",10000,"Jasa B",416,"April",4,"18-29 tahun"
4,"Ixoim","Jawa Barat",38,"Wanita","2021-04-09",93000,"Jasa A",417,"April",4,"30-39 tahun"
5,"Wevishar","Jakarta",41,"Wanita","2021-04-09",85000,"Jasa A",418,"April",4,"40-49 tahun"
5,"Bzayan","Jawa Barat",18,"Wanita","2021-04-12",86000,"Jasa A",419,"April",4,"18-29 tahun"
3,"Cuphulien","Jawa Barat",42,"Wanita","2021-04-12",85000,"Jasa E",420,"April",4,"40-49 tahun"
5,"Ekyboo","Jawa Barat",17,"Wanita","2021-04-13",150000,"Jasa D",421,"April",4,"Dibawah 18 tahun"
5,"Oozu","Jawa Barat",17,"Wanita","2021-04-14",5000,"Jasa B",422,"April",4,"Dibawah 18 tahun"
4,"Mudiwa","Bali",31,"Wanita","2021-04-15",121100,"Jasa A",423,"April",4,"30-39 tahun"
5,"Oozu","Jawa Barat",17,"Wanita","2021-04-15",85000,"Jasa B",424,"April",4,"Dibawah 18 tahun"
3,"Safluvis","Jakarta",27,"Pria","2021-04-15",85000,"Jasa D",425,"April",4,"18-29 tahun"
4,"Okafor","Jakarta",16,"Pria","2021-04-15",94000,"Jasa C",426,"April",4,"Dibawah 18 tahun"
5,"Wevishar","Jakarta",41,"Wanita","2021-04-15",85000,"Jasa E",427,"April",4,"40-49 tahun"
5,"Mygneo","Luar Indonesia",34,"Pria","2021-04-16",130000,"Jasa A",428,"April",4,"30-39 tahun"
3,"Gar","Bali",39,"Wanita","2021-04-16",85000,"Jasa E",429,"April",4,"30-39 tahun"
5,"Taurai","Jakarta",35,"Wanita","2021-04-16",86000,"Jasa E",430,"April",4,"30-39 tahun"
3,"Bluaxia","Jawa Barat",11,"Wanita","2021-04-19",97000,"Jasa D",431,"April",4,"Dibawah 18 tahun"
2,"Chinweuba","Bali",24,"Wanita","2021-04-19",85000,"Jasa C",432,"April",4,"18-29 tahun"
3,"Kayin","Jawa Barat",31,"Wanita","2021-04-19",8000,"Jasa C",433,"April",4,"30-39 tahun"
5,"Eniola","Jawa Barat",23,"Wanita","2021-04-19",92000,"Jasa D",434,"April",4,"18-29 tahun"
2,"Shashou","Jakarta",44,"Wanita","2021-04-19",85000,"Jasa E",435,"April",4,"40-49 tahun"
5,"Saazteec","Luar Indonesia",28,"Wanita","2021-04-19",125000,"Jasa B",436,"April",4,"18-29 tahun"
4,"Axzab","Jakarta",24,"Wanita","2021-04-20",75000,"Jasa C",437,"April",4,"18-29 tahun"
4,"Jeingzou","Jakarta",19,"Wanita","2021-04-20",85000,"Jasa E",438,"April",4,"18-29 tahun"
3,"Hoosnestrond","Jakarta",11,"Wanita","2021-04-21",90000,"Jasa E",439,"April",4,"Dibawah 18 tahun"
3,"Ousmane","Luar Indonesia",20,"Pria","2021-04-21",135000,"Jasa E",440,"April",4,"18-29 tahun"
4,"Ade","Jawa Barat",42,"Wanita","2021-04-22",85000,"Jasa B",441,"April",4,"40-49 tahun"
1,"Glite","Luar Indonesia",30,"Wanita","2021-04-22",85000,"Jasa C",442,"April",4,"30-39 tahun"
2,"Chuo","Bali",17,"Wanita","2021-04-23",75000,"Jasa C",443,"April",4,"Dibawah 18 tahun"
3,"Safluvis","Jakarta",27,"Pria","2021-04-23",85000,"Jasa C",444,"April",4,"18-29 tahun"
4,"Tepmuvapp","Jawa Barat",27,"Wanita","2021-04-23",85000,"Jasa B",445,"April",4,"18-29 tahun"
4,"Ade","Jawa Barat",42,"Wanita","2021-04-23",135000,"Jasa D",446,"April",4,"40-49 tahun"
2,"Ganizani","Luar Indonesia",33,"Wanita","2021-04-23",86000,"Jasa B",447,"April",4,"30-39 tahun"
3,"Abdoul","Bali",12,"Pria","2021-04-23",85000,"Jasa A",448,"April",4,"Dibawah 18 tahun"
4,"Ixoim","Jawa Barat",38,"Wanita","2021-04-23",135000,"Jasa D",449,"April",4,"30-39 tahun"
3,"Boubacar","Bali",31,"Wanita","2021-04-26",136000,"Jasa B",450,"April",4,"30-39 tahun"
5,"Chi","Bali",32,"Pria","2021-04-26",134000,"Jasa D",451,"April",4,"30-39 tahun"
3,"Gnuci","Jawa Barat",22,"Wanita","2021-04-26",85000,"Jasa E",452,"April",4,"18-29 tahun"
2,"Kamau","Bali",27,"Wanita","2021-04-26",134000,"Jasa C",453,"April",4,"18-29 tahun"
4,"Jeingzou","Jakarta",19,"Wanita","2021-04-26",85000,"Jasa B",454,"April",4,"18-29 tahun"
4,"Axzab","Jakarta",24,"Wanita","2021-04-26",35000,"Jasa D",455,"April",4,"18-29 tahun"
2,"Kamau","Bali",27,"Wanita","2021-04-26",85000,"Jasa D",456,"April",4,"18-29 tahun"
2,"Chuo","Bali",17,"Wanita","2021-04-26",135000,"Jasa B",457,"April",4,"Dibawah 18 tahun"
5,"Saazteec","Luar Indonesia",28,"Wanita","2021-04-26",25000,"Jasa E",458,"April",4,"18-29 tahun"
3,"Ousmane","Luar Indonesia",20,"Pria","2021-04-27",85000,"Jasa D",459,"April",4,"18-29 tahun"
2,"Chinweuba","Bali",24,"Wanita","2021-04-27",135000,"Jasa D",460,"April",4,"18-29 tahun"
2,"Kunju","Bali",14,"Wanita","2021-04-27",50000,"Jasa A",461,"April",4,"Dibawah 18 tahun"
3,"Evii","Jawa Barat",19,"Pria","2021-04-27",147000,"Jasa B",462,"April",4,"18-29 tahun"
4,"Ufuoma","Bali",48,"Pria","2021-04-27",112000,"Jasa C",463,"April",4,"40-49 tahun"
4,"Ufuoma","Bali",48,"Pria","2021-04-28",136000,"Jasa B",464,"April",4,"40-49 tahun"
3,"Kayin","Jawa Barat",31,"Wanita","2021-04-28",102000,"Jasa C",465,"April",4,"30-39 tahun"
4,"Thokozani","Luar Indonesia",36,"Pria","2021-04-28",118000,"Jasa D",466,"April",4,"30-39 tahun"
4,"Thokozani","Luar Indonesia",36,"Pria","2021-04-28",100000,"Jasa D",467,"April",4,"30-39 tahun"
3,"Noshom","Jawa Barat",27,"Wanita","2021-04-28",129000,"Jasa D",468,"April",4,"18-29 tahun"
4,"Tepmuvapp","Jawa Barat",27,"Wanita","2021-04-28",75000,"Jasa A",469,"April",4,"18-29 tahun"
3,"Noshom","Jawa Barat",27,"Wanita","2021-04-28",81000,"Jasa A",470,"April",4,"18-29 tahun"
4,"Mudiwa","Bali",31,"Wanita","2021-04-28",112000,"Jasa E",471,"April",4,"30-39 tahun"
4,"Thokozani","Luar Indonesia",36,"Pria","2021-04-30",85000,"Jasa C",472,"April",4,"30-39 tahun"
5,"Chi","Bali",32,"Pria","2021-05-03",75000,"Jasa B",473,"Mei",5,"30-39 tahun"
3,"Dejen","Jakarta",36,"Pria","2021-05-03",85000,"Jasa A",474,"Mei",5,"30-39 tahun"
4,"Adegoke","Luar Indonesia",41,"Pria","2021-05-03",104000,"Jasa E",475,"Mei",5,"40-49 tahun"
2,"Ganizani","Luar Indonesia",33,"Wanita","2021-05-05",97000,"Jasa D",476,"Mei",5,"30-39 tahun"
3,"Gar","Bali",39,"Wanita","2021-05-05",142000,"Jasa B",477,"Mei",5,"30-39 tahun"
4,"Idoob","Bali",41,"Wanita","2021-05-05",75000,"Jasa C",478,"Mei",5,"40-49 tahun"
4,"Idoob","Bali",41,"Wanita","2021-05-06",85000,"Jasa E",479,"Mei",5,"40-49 tahun"
4,"Ixoim","Jawa Barat",38,"Wanita","2021-05-06",85000,"Jasa E",480,"Mei",5,"30-39 tahun"
2,"Shashou","Jakarta",44,"Wanita","2021-05-07",135000,"Jasa E",481,"Mei",5,"40-49 tahun"
4,"Idoob","Bali",41,"Wanita","2021-05-07",69648,"Jasa E",482,"Mei",5,"40-49 tahun"
4,"Axzab","Jakarta",24,"Wanita","2021-05-11",130000,"Jasa A",483,"Mei",5,"18-29 tahun"
4,"Idoob","Bali",41,"Wanita","2021-05-11",97000,"Jasa A",484,"Mei",5,"40-49 tahun"
4,"Ixoim","Jawa Barat",38,"Wanita","2021-05-17",90000,"Jasa D",485,"Mei",5,"30-39 tahun"
3,"Olabode","Jawa Barat",37,"Pria","2021-05-17",86000,"Jasa D",486,"Mei",5,"30-39 tahun"
5,"Eniola","Jawa Barat",23,"Wanita","2021-05-17",85000,"Jasa A",487,"Mei",5,"18-29 tahun"
4,"Idoob","Bali",41,"Wanita","2021-05-17",115000,"Jasa A",488,"Mei",5,"40-49 tahun"
3,"Hoosnestrond","Jakarta",11,"Wanita","2021-05-17",85000,"Jasa B",489,"Mei",5,"Dibawah 18 tahun"
5,"Yinoh","Bali",39,"Wanita","2021-05-17",85000,"Jasa A",490,"Mei",5,"30-39 tahun"
4,"Tepmuvapp","Jawa Barat",27,"Wanita","2021-05-18",85000,"Jasa D",491,"Mei",5,"18-29 tahun"
3,"Kayin","Jawa Barat",31,"Wanita","2021-05-18",85000,"Jasa C",492,"Mei",5,"30-39 tahun"
3,"Ousmane","Luar Indonesia",20,"Pria","2021-05-19",125000,"Jasa A",493,"Mei",5,"18-29 tahun"
2,"Chinweuba","Bali",24,"Wanita","2021-05-19",144000,"Jasa D",494,"Mei",5,"18-29 tahun"
2,"Chinweuba","Bali",24,"Wanita","2021-05-20",85000,"Jasa C",495,"Mei",5,"18-29 tahun"
3,"Bluaxia","Jawa Barat",11,"Wanita","2021-05-20",25000,"Jasa C",496,"Mei",5,"Dibawah 18 tahun"
5,"Mygneo","Luar Indonesia",34,"Pria","2021-05-20",131000,"Jasa B",497,"Mei",5,"30-39 tahun"
4,"Ezii","Jakarta",23,"Wanita","2021-05-20",85000,"Jasa B",498,"Mei",5,"18-29 tahun"
4,"Thokozani","Luar Indonesia",36,"Pria","2021-05-21",97000,"Jasa E",499,"Mei",5,"30-39 tahun"
3,"Cuphulien","Jawa Barat",42,"Wanita","2021-05-24",85000,"Jasa A",500,"Mei",5,"40-49 tahun"
4,"Idoob","Bali",41,"Wanita","2021-05-24",85000,"Jasa B",501,"Mei",5,"40-49 tahun"
4,"Jeingzou","Jakarta",19,"Wanita","2021-05-24",123000,"Jasa E",502,"Mei",5,"18-29 tahun"
3,"Gnuci","Jawa Barat",22,"Wanita","2021-05-24",143000,"Jasa D",503,"Mei",5,"18-29 tahun"
3,"Dejen","Jakarta",36,"Pria","2021-05-24",135000,"Jasa D",504,"Mei",5,"30-39 tahun"
2,"Shashou","Jakarta",44,"Wanita","2021-05-24",85000,"Jasa A",505,"Mei",5,"40-49 tahun"
3,"Noshom","Jawa Barat",27,"Wanita","2021-05-24",93000,"Jasa D",506,"Mei",5,"18-29 tahun"
5,"Yinoh","Bali",39,"Wanita","2021-05-25",125000,"Jasa A",507,"Mei",5,"30-39 tahun"
5,"Chi","Bali",32,"Pria","2021-05-25",90000,"Jasa A",508,"Mei",5,"30-39 tahun"
5,"Eniola","Jawa Barat",23,"Wanita","2021-05-27",85000,"Jasa D",509,"Mei",5,"18-29 tahun"
4,"Ufuoma","Bali",48,"Pria","2021-05-27",135000,"Jasa B",510,"Mei",5,"40-49 tahun"
3,"Qayug","Luar Indonesia",24,"Wanita","2021-05-27",135000,"Jasa A",511,"Mei",5,"18-29 tahun"
4,"Jeingzou","Jakarta",19,"Wanita","2021-05-28",150000,"Jasa D",512,"Mei",5,"18-29 tahun"
4,"Adegoke","Luar Indonesia",41,"Pria","2021-06-04",117600,"Jasa A",513,"Juni",6,"40-49 tahun"
3,"Usah","Luar Indonesia",33,"Wanita","2021-06-03",135000,"Jasa D",514,"Juni",6,"30-39 tahun"
4,"Adegoke","Luar Indonesia",41,"Pria","2021-06-07",85000,"Jasa E",515,"Juni",6,"40-49 tahun"
1,"Glite","Luar Indonesia",30,"Wanita","2021-06-08",21000,"Jasa B",516,"Juni",6,"30-39 tahun"
3,"Kayin","Jawa Barat",31,"Wanita","2021-06-10",120000,"Jasa A",517,"Juni",6,"30-39 tahun"
3,"Dejen","Jakarta",36,"Pria","2021-06-11",150000,"Jasa D",518,"Juni",6,"30-39 tahun"
3,"Gar","Bali",39,"Wanita","2021-06-12",70000,"Jasa D",519,"Juni",6,"30-39 tahun"
3,"Gaggada","Jawa Barat",32,"Wanita","2021-06-14",135000,"Jasa A",520,"Juni",6,"30-39 tahun"
3,"Dejen","Jakarta",36,"Pria","2021-06-15",135000,"Jasa A",521,"Juni",6,"30-39 tahun"
4,"Axzab","Jakarta",24,"Wanita","2021-06-15",85000,"Jasa B",522,"Juni",6,"18-29 tahun"
4,"Mudiwa","Bali",31,"Wanita","2021-06-16",75000,"Jasa D",523,"Juni",6,"30-39 tahun"
4,"Meefgaib","Jawa Barat",16,"Wanita","2021-06-16",85000,"Jasa C",524,"Juni",6,"Dibawah 18 tahun"
5,"Yinoh","Bali",39,"Wanita","2021-06-18",150000,"Jasa C",525,"Juni",6,"30-39 tahun"
2,"Chuo","Bali",17,"Wanita","2021-06-18",150000,"Jasa C",526,"Juni",6,"Dibawah 18 tahun"
5,"Khimma","Jakarta",36,"Wanita","2021-06-21",25000,"Jasa E",527,"Juni",6,"30-39 tahun"
4,"Ufuoma","Bali",48,"Pria","2021-06-23",10000,"Jasa B",528,"Juni",6,"40-49 tahun"
3,"Safluvis","Jakarta",27,"Pria","2021-06-25",106000,"Jasa E",529,"Juni",6,"18-29 tahun"
4,"Jeingzou","Jakarta",19,"Wanita","2021-06-28",97000,"Jasa A",530,"Juni",6,"18-29 tahun"
3,"Boubacar","Bali",31,"Wanita","2021-06-30",106000,"Jasa A",531,"Juni",6,"30-39 tahun"
4,"Ade","Jawa Barat",42,"Wanita","2021-07-01",85000,"Jasa E",532,"Juli",7,"40-49 tahun"
2,"Shashou","Jakarta",44,"Wanita","2021-07-01",17500,"Jasa B",533,"Juli",7,"40-49 tahun"
4,"Nah","Jakarta",23,"Wanita","2021-07-05",118100,"Jasa A",534,"Juli",7,"18-29 tahun"
3,"Noshom","Jawa Barat",27,"Wanita","2021-07-06",100000,"Jasa D",535,"Juli",7,"18-29 tahun"
3,"Gnuci","Jawa Barat",22,"Wanita","2021-07-07",58750,"Jasa D",536,"Juli",7,"18-29 tahun"
2,"Chuo","Bali",17,"Wanita","2021-07-08",44900,"Jasa A",537,"Juli",7,"Dibawah 18 tahun"
5,"Wevishar","Jakarta",41,"Wanita","2021-07-09",46900,"Jasa C",538,"Juli",7,"40-49 tahun"
5,"Ekyboo","Jawa Barat",17,"Wanita","2021-07-09",125000,"Jasa C",539,"Juli",7,"Dibawah 18 tahun"
5,"Ekyboo","Jawa Barat",17,"Wanita","2021-07-12",75000,"Jasa A",540,"Juli",7,"Dibawah 18 tahun"
2,"Chinweuba","Bali",24,"Wanita","2021-07-14",135000,"Jasa B",541,"Juli",7,"18-29 tahun"
3,"Gnuci","Jawa Barat",22,"Wanita","2021-07-14",135000,"Jasa E",542,"Juli",7,"18-29 tahun"
4,"Adegoke","Luar Indonesia",41,"Pria","2021-07-14",100000,"Jasa D",543,"Juli",7,"40-49 tahun"
4,"Ixoim","Jawa Barat",38,"Wanita","2021-07-15",143500,"Jasa E",544,"Juli",7,"30-39 tahun"
2,"Kamau","Bali",27,"Wanita","2021-07-15",46900,"Jasa C",545,"Juli",7,"18-29 tahun"
4,"Ezii","Jakarta",23,"Wanita","2021-07-17",143500,"Jasa E",546,"Juli",7,"18-29 tahun"
3,"Tichaona","Luar Indonesia",29,"Pria","2021-07-18",53500,"Jasa D",547,"Juli",7,"18-29 tahun"
2,"Kamau","Bali",27,"Wanita","2021-07-20",43680,"Jasa C",548,"Juli",7,"18-29 tahun"
5,"Mygneo","Luar Indonesia",34,"Pria","2021-07-21",54000,"Jasa C",549,"Juli",7,"30-39 tahun"
3,"Gar","Bali",39,"Wanita","2021-07-23",104000,"Jasa B",550,"Juli",7,"30-39 tahun"
5,"Taurai","Jakarta",35,"Wanita","2021-07-23",100000,"Jasa A",551,"Juli",7,"30-39 tahun"
3,"Safluvis","Jakarta",27,"Pria","2021-07-26",100000,"Jasa D",552,"Juli",7,"18-29 tahun"
3,"Safluvis","Jakarta",27,"Pria","2021-07-27",79000,"Jasa C",553,"Juli",7,"18-29 tahun"
3,"Bluaxia","Jawa Barat",11,"Wanita","2021-07-27",28000,"Jasa B",554,"Juli",7,"Dibawah 18 tahun"
2,"Chinweuba","Bali",24,"Wanita","2021-07-27",30000,"Jasa C",555,"Juli",7,"18-29 tahun"
4,"Ezii","Jakarta",23,"Wanita","2021-07-27",85000,"Jasa A",556,"Juli",7,"18-29 tahun"
5,"Doux","Luar Indonesia",18,"Wanita","2021-07-28",93000,"Jasa B",557,"Juli",7,"18-29 tahun"
5,"Saazteec","Luar Indonesia",28,"Wanita","2021-07-28",11000,"Jasa C",558,"Juli",7,"18-29 tahun"
2,"Chuo","Bali",17,"Wanita","2021-07-30",10000,"Jasa D",559,"Juli",7,"Dibawah 18 tahun"
4,"Axzab","Jakarta",24,"Wanita","2021-07-30",100000,"Jasa E",560,"Juli",7,"18-29 tahun"
